Processes,Time (s),Speedup,Efficiency (%)
1,5.248043,1.0415450102066617,104.15450102066617
2,2.377392,2.299188774926474,114.95943874632371
4,1.247959,4.380010080459374,109.50025201148435
8,0.855035,6.392806142438613,79.91007678048267
