Processes,Time (s),Speedup,Efficiency (%)
1,5.720622,0.9944035805896633,99.44035805896632
2,2.383671,2.3864899979904943,119.32449989952471
4,1.140496,4.987835994163943,124.69589985409857
8,0.846883,6.717110864192574,83.96388580240718
