Threads,Time (s),Speedup,Efficiency (%)
1,80.286723,0.07085364537795372,7.085364537795372
2,41.455774,0.1372211021798797,6.861055108993986
4,35.552498,0.16000583137646193,4.000145784411548
8,24.108243,0.2359610777110551,2.9495134713881885
