Implementation,Configuration,Time (s),Speedup,Efficiency (%)
Serial,N/A,11.0,1.0,100.0
MPI,1 processes,863.0,0.012746234067207415,1.2746234067207416
MPI,2 processes,863.0,0.012746234067207415,0.6373117033603708
MPI,4 processes,855.0,0.012865497076023392,0.32163742690058483
MPI,8 processes,855.0,0.012865497076023392,0.16081871345029242
