Implementation,Configuration,Time (s),Speedup,Efficiency (%)
Serial,N/A,5.688607,1.0,100.0
OpenMP,1 threads,80.286723,0.07085364537795372,7.085364537795372
OpenMP,2 threads,41.455774,0.1372211021798797,6.861055108993986
OpenMP,4 threads,35.552498,0.16000583137646193,4.000145784411548
OpenMP,8 threads,24.108243,0.2359610777110551,2.9495134713881885
MPI,1 processes,5.720622,0.9944035805896633,99.44035805896632
MPI,2 processes,2.383671,2.3864899979904943,119.32449989952471
MPI,4 processes,1.140496,4.987835994163943,124.69589985409857
MPI,8 processes,0.846883,6.717110864192574,83.96388580240718
